<?xml version="1.0"?>
<!DOCTYPE hibernate-mapping PUBLIC "-//Hibernate/Hibernate Mapping DTD 3.0//EN"
"http://hibernate.sourceforge.net/hibernate-mapping-3.0.dtd">
<!-- Generated Jul 26, 2017 10:44:51 PM by Hibernate Tools 3.5.0.Final -->
<hibernate-mapping>
    <class name="com.sj.bean.Student" table="STUDENT">
        <id name="firstName" type="java.lang.String">
            <column name="FIRSTNAME" />
            <generator class="assigned" />
        </id>
        <property name="lastName" type="java.lang.String">
            <column name="LASTNAME" />
        </property>
    </class>
</hibernate-mapping>
