<?xml version="1.0" encoding="UTF-8"?>
<beans xmlns="http://www.springframework.org/schema/beans"
	xmlns:xsi="http://www.w3.org/2001/XMLSchema-instance" xmlns:context="http://www.springframework.org/schema/context"
	xmlns:mvc="http://www.springframework.org/schema/mvc"
	xsi:schemaLocation="http://www.springframework.org/schema/mvc http://www.springframework.org/schema/mvc/spring-mvc-4.3.xsd
		http://www.springframework.org/schema/beans http://www.springframework.org/schema/beans/spring-beans.xsd
		http://www.springframework.org/schema/context http://www.springframework.org/schema/context/spring-context-4.3.xsd">
	
		<context:annotation-config />
	<context:component-scan base-package="com.programmingzeal.controller" />
	<mvc:annotation-driven></mvc:annotation-driven>
	
	<bean
		class="org.thymeleaf.spring4.templateresolver.SpringResourceTemplateResolver"
		id="ITemplateResolver">
		<property name="prefix" value="/WEB-INF/pages/"></property>
		<property name="suffix" value=".html"></property>
		<property name="templateMode" value="HTML5"></property>
	</bean>

	<bean class="org.thymeleaf.spring4.SpringTemplateEngine" id="ITemplateEngine">
		<property name="templateResolver" ref="ITemplateResolver"></property>
	</bean>

	<bean class="org.thymeleaf.spring4.view.ThymeleafViewResolver" id="thymeleafViewResolver">
		<property name="templateEngine" ref="ITemplateEngine"></property>
	</bean>

</beans>
