<?xml version="1.0" encoding="UTF-8"?>
<beans xmlns="http://www.springframework.org/schema/beans"
	xmlns:xsi="http://www.w3.org/2001/XMLSchema-instance" xmlns:context="http://www.springframework.org/schema/context"
	xmlns:mvc="http://www.springframework.org/schema/mvc" xmlns:tx="http://www.springframework.org/schema/tx"
	xmlns:util="http://www.springframework.org/schema/util"
	xsi:schemaLocation="http://www.springframework.org/schema/beans http://www.springframework.org/schema/beans/spring-beans-4.2.xsd
		http://www.springframework.org/schema/context http://www.springframework.org/schema/context/spring-context-4.3.xsd
		http://www.springframework.org/schema/mvc http://www.springframework.org/schema/mvc/spring-mvc-4.3.xsd
		http://www.springframework.org/schema/tx http://www.springframework.org/schema/tx/spring-tx-4.3.xsd
		http://www.springframework.org/schema/util http://www.springframework.org/schema/util/spring-util-4.3.xsd">


	<context:component-scan base-package="com.sj.controller" />
	<context:annotation-config />
	<mvc:annotation-driven />

	<bean
		class="org.springframework.web.servlet.view.InternalResourceViewResolver"
		id="viewResolver">
		<property name="prefix" value="/WEB-INF/pages/"></property>
		<property name="suffix" value=".jsp"></property>
	</bean>
	<bean class="com.sj.bean.Student" id="student">
		<property name="firstName" value="janga" />
		<property name="lastName" value="chary" />
	</bean>



	<bean class="org.apache.commons.dbcp.BasicDataSource" id="basicDataSource">
		<property name="driverClassName" value="com.mysql.jdbc.Driver" />
		<property name="username" value="root" />
		<property name="password" value="root" />
		<property name="url" value="jdbc:mysql://localhost:3306/test"></property>
	</bean>




	<bean class="org.springframework.orm.hibernate5.HibernateTransactionManager"
		id="hibernateTransactionManager">
		<property name="sessionFactory" ref="localSessionFactoryBean"></property>

	</bean>


	<bean class="org.springframework.orm.hibernate5.LocalSessionFactoryBean"
		id="localSessionFactoryBean">

		<property name="dataSource" ref="basicDataSource" />

		<property name="mappingResources">
			<list>
				<value>com/sj/bean/Student.hbm.xml</value>
			</list>
		</property>
		<property name="hibernateProperties">
<!-- 			<value>org.hibernate.dialect.MySQLDialect</value> -->

<props>
<prop key="hibernate.dialect">org.hibernate.dialect.MySQLDialect</prop>
<prop key="hibernate.show_sql">true</prop>
<prop key="hibernate.hbm2ddl.auto">update</prop>
</props>

		</property>



	</bean>



	<bean class="com.sj.service.StudentServiceImpl" id="studentService">
		<property name="studentDAO" ref="studentDAO"></property>
	</bean>

	<bean class="com.sj.model.StudentDAOImpl" id="studentDAO">
		<property name="sessionFactory" ref="localSessionFactoryBean"></property>
	</bean>



</beans>
