<?xml version="1.0" encoding="UTF-8"?>
<beans xmlns="http://www.springframework.org/schema/beans"
	xmlns:xsi="http://www.w3.org/2001/XMLSchema-instance" xmlns:context="http://www.springframework.org/schema/context"
	xmlns:lang="http://www.springframework.org/schema/lang"
	xsi:schemaLocation="http://www.springframework.org/schema/beans http://www.springframework.org/schema/beans/spring-beans.xsd
		http://www.springframework.org/schema/context http://www.springframework.org/schema/context/spring-context-4.3.xsd
		http://www.springframework.org/schema/lang http://www.springframework.org/schema/lang/spring-lang-4.3.xsd">
	<bean id="mailSender" class="org.springframework.mail.javamail.JavaMailSenderImpl">
		<property name="host" value="smtp.gmail.com" />

		<property name="port" value="587" />
		<property name="javaMailProperties">
			<props>
				<prop key="mail.smtp.starttls.enable">true</prop>
			</props>
		</property>

		<property name="username" value="admin@gmail.com" />
		<property name="password" value="password" />


	</bean>


	<bean id="templateMessage" class="org.springframework.mail.SimpleMailMessage">
		<property name="from" value="from@gmail.com" />
		<property name="subject" value="testing" />
	</bean>

	<bean id="sendMail" class="com.pz.SpringMail.SendMailImpl">
		<property name="mailSender" ref="mailSender" />
		<property name="templateMessage" ref="templateMessage" />
	</bean>
</beans>
